id,name,type,timestamp
1317,visited: /entry/112,navigation,"26/02/2026, 14:04:14"
1318,bookmarked:  available: false,bookmark,"26/02/2026, 14:05:11"
1319,bookmarked:  available: false,bookmark,"26/02/2026, 14:05:15"
1320,visited: /hashImport,navigation,"26/02/2026, 14:06:06"
1321,imported: Hash: 234ada22c94668dd7ee1c26b42c630ab | Entries unlocked: 3 | Subentries unlocked: 3,hashimport,"26/02/2026, 14:06:09"
1322,visited: /entry/112/,navigation,"26/02/2026, 14:06:28"
1323,visited: /,navigation,"26/02/2026, 14:07:24"
1324,visited: /entry/127,navigation,"26/02/2026, 14:07:27"
1325,visited: /,navigation,"26/02/2026, 14:08:47"
1326,visited: /entry/111,navigation,"26/02/2026, 14:08:49"
1327,visited: /,navigation,"26/02/2026, 14:09:05"
1328,visited: /entry/116,navigation,"26/02/2026, 14:09:06"
1329,visited: /hashImport,navigation,"26/02/2026, 14:09:44"
1330,imported: Hash: bad48f5d47b68ca3059ac646d0320808 | Entries unlocked: 3 | Subentries unlocked: 3,hashimport,"26/02/2026, 14:09:46"
1331,visited: /entry/112/,navigation,"26/02/2026, 14:09:53"
1332,visited: /entry/116,navigation,"26/02/2026, 14:09:56"
1333,visited: /entry/112/,navigation,"26/02/2026, 14:10:15"
1334,bookmarked:  available: true,bookmark,"26/02/2026, 14:10:20"
1335,bookmarked:  available: true,bookmark,"26/02/2026, 14:10:21"
1336,visited: /entry/116,navigation,"26/02/2026, 14:10:23"
1337,visited: /,navigation,"26/02/2026, 14:10:28"
1338,visited: /entry/72,navigation,"26/02/2026, 14:10:30"
1339,taunt 1:  at /index.html,default,"26/02/2026, 14:10:30"
1340,visited: /hashImport,navigation,"26/02/2026, 14:11:18"
1341,imported: Hash: 48471313e7c8b73e1d0cc7b6a9ef945e | Entries unlocked: 3 | Subentries unlocked: 4,hashimport,"26/02/2026, 14:11:20"
1342,visited: /entry/71/,navigation,"26/02/2026, 14:11:24"
1343,taunt 2: [SYSTM] Timeout detected. at /index.html,default,"26/02/2026, 14:11:24"
1344,visited: /hashImport,navigation,"26/02/2026, 14:13:04"
1345,visited: /entry/120,navigation,"26/02/2026, 14:13:09"
1346,visited: /entry/71/,navigation,"26/02/2026, 14:14:27"
1347,visited: /,navigation,"26/02/2026, 14:14:30"
1348,visited: /entry/72,navigation,"26/02/2026, 14:14:36"
1349,taunt 3: [VIOLET] Can you hear me? at /index.html,default,"26/02/2026, 14:14:36"
1350,visited: /entry/124,navigation,"26/02/2026, 14:14:52"
1351,visited: /,navigation,"26/02/2026, 14:15:04"
1352,visited: /entry/119,navigation,"26/02/2026, 14:15:05"
1353,visited: /hashImport,navigation,"26/02/2026, 14:18:48"
1354,imported: Hash: 3456afa72de364f53288f732c6259b8 | Entries unlocked: 0 | Subentries unlocked: 1,hashimport,"26/02/2026, 14:18:50"
1355,visited: /entry/119,navigation,"26/02/2026, 14:18:55"
1356,visited: /hashImport,navigation,"26/02/2026, 14:19:28"
1357,visited: /entry/124,navigation,"26/02/2026, 14:19:31"
1358,visited: /entry/119,navigation,"26/02/2026, 14:19:36"
1359,visited: /,navigation,"26/02/2026, 14:19:38"
1360,visited: /entry/124,navigation,"26/02/2026, 14:19:41"
1361,visited: /entry/119,navigation,"26/02/2026, 14:19:44"
1362,visited: /,navigation,"26/02/2026, 14:19:45"
1363,visited: /entry/127,navigation,"26/02/2026, 14:19:47"
1364,visited: /,navigation,"26/02/2026, 14:19:51"
1365,visited: /entry/111,navigation,"26/02/2026, 14:19:58"
1366,visited: /entry/127,navigation,"26/02/2026, 14:20:05"
1367,visited: /,navigation,"26/02/2026, 14:20:08"
1368,visited: /entry/114,navigation,"26/02/2026, 14:20:09"
1369,visited: /entry/121,navigation,"26/02/2026, 14:20:19"
1370,visited: /hashImport,navigation,"26/02/2026, 14:20:34"
1371,imported: Hash: ge676452d2de364f5fd34535dsd453s | Entries unlocked: 1 | Subentries unlocked: 0,hashimport,"26/02/2026, 14:20:36"
1372,visited: /entry/121,navigation,"26/02/2026, 14:20:40"
1373,visited: /,navigation,"26/02/2026, 14:24:04"
1374,visited: /entry/110,navigation,"26/02/2026, 14:24:05"
1375,visited: /hashImport,navigation,"26/02/2026, 14:24:52"
1376,imported: Hash: 4acf43285e01067ea35af33f416fcc69 | Entries unlocked: 4 | Subentries unlocked: 5,hashimport,"26/02/2026, 14:24:54"
1377,visited: /connections,navigation,"26/02/2026, 14:24:58"
1378,visited: /hashImport,navigation,"26/02/2026, 14:25:12"
1379,visited: /entry/110,navigation,"26/02/2026, 14:25:16"
1380,visited: /hashImport,navigation,"26/02/2026, 14:25:20"
1381,visited: /entry/122,navigation,"26/02/2026, 14:25:23"
1382,visited: /,navigation,"26/02/2026, 14:25:30"
1383,visited: /entry/49,navigation,"26/02/2026, 14:25:34"
1384,visited: /hashImport,navigation,"26/02/2026, 14:27:39"
1385,imported: Hash: 60889e978b9dd56ca47ff36ddae12a07 | Entries unlocked: 1 | Subentries unlocked: 3,hashimport,"26/02/2026, 14:27:41"
1386,visited: /entry/97,navigation,"26/02/2026, 14:27:45"
1387,visited: /player-add-entry,navigation,"26/02/2026, 14:31:30"
1388,"YOU-A-416 title: Clay Ghoul desc: A small clay ghoul. A vessel so you can pull yourself back together. Hope this helps! xoxoxo -mrprofessional media: , webcam-mrprofessional-1772134310605.png, webcam-mrprofessional-1772134317918.png, webcam-mrprofessional-1772134326541.png",player entry,"26/02/2026, 14:32:45"
1389,visited: /entry/128,navigation,"26/02/2026, 14:32:45"
1390,visited: /entry/${id},navigation,"26/02/2026, 14:32:46"
1391,visited: /entry/114,navigation,"26/02/2026, 14:32:47"
1392,visited: /entry/124,navigation,"26/02/2026, 14:32:52"
1393,visited: /entry/111,navigation,"26/02/2026, 14:32:54"
1394,visited: /entry/114,navigation,"26/02/2026, 14:32:56"
1395,visited: /entry/118,navigation,"26/02/2026, 14:32:56"
1396,visited: /entry/116,navigation,"26/02/2026, 14:32:57"
1397,visited: /entry/114,navigation,"26/02/2026, 14:32:57"
1398,visited: /entry/118,navigation,"26/02/2026, 14:32:58"
1399,visited: /entry/116,navigation,"26/02/2026, 14:32:58"
1400,visited: /entry/121,navigation,"26/02/2026, 14:32:58"
1401,visited: /entry/111,navigation,"26/02/2026, 14:32:58"
1402,visited: /entry/115,navigation,"26/02/2026, 14:32:59"
1403,visited: /entry/120,navigation,"26/02/2026, 14:32:59"
1404,visited: /entry/116,navigation,"26/02/2026, 14:32:59"
1405,visited: /entry/114,navigation,"26/02/2026, 14:32:59"
1406,visited: /entry/95,navigation,"26/02/2026, 14:32:59"
1407,visited: /entry/97,navigation,"26/02/2026, 14:32:59"
1408,visited: /entry/115,navigation,"26/02/2026, 14:32:59"
1409,visited: /connections,navigation,"26/02/2026, 14:32:59"
